<?xml version="1.0" encoding="UTF-8"?><?xml-stylesheet type='text/xsl' href='_UpgradeReport_Files/UpgradeReport.xslt'?><UpgradeLog>
<Properties><Property Name="Solution" Value="FacialExpression">
</Property><Property Name="Solution File" Value="F:\old80\Projects\vdot\old\fe\Facial Expression Recognition Using Facial  Movement Features\Facial Expression Recognition Using Facial  Movement Features\SOURCE CODE\Emotion Detaction\FacialExpression.sln">
</Property><Property Name="Date" Value="Friday, March 06, 2015">
</Property><Property Name="Time" Value="16:12:03 PM">
</Property></Properties><Event ErrorLevel="1" Project="FacialExpression" Source="FacialExpression.csproj" Description="Your project is targeting .NET Framework 2.0 or 3.0. If your project uses assemblies requiring a newer .NET Framework, your project will fail to build. You can change the .NET Framework version by clicking Properties on the project menu and then selecting a new version in the '.NET Framework' dropdown box. (In Visual Basic, this is located on the Compile tab by clicking the 'Advanced Compiler Options...' button.)">
</Event><Event ErrorLevel="0" Project="FacialExpression" Source="FacialExpression.csproj" Description="Project converted successfully">
</Event><Event ErrorLevel="3" Project="FacialExpression" Source="FacialExpression.csproj" Description="Converted">
</Event><Event ErrorLevel="0" Project="FacialExpression" Source="FacialExpression.csproj" Description="Scan complete: Upgrade not required for project files.">
</Event></UpgradeLog>